,
Ancalagon the Black,
Chrysophylax Dives,
Dagurashibanipal,
Dragon,
Drogon,
Ember Hill,
Errol,
Faranth,
Fírnen,
Glaedr,
Glaurung,
Griffin,
Heavenly Beings,
Icefyre,
Igjarjuk,
Katla,
Montague Bunsen-Burner,
Mnementh,
Moon,
Norberta,
Pyralspite,
Ramoth,
Rhaegal,
Ruth,
Saphira,
Slathborg,
Smaug,
Temeraire,
Terezi's Lusus,
Thorn,
Tintaglia,
Eldrax,
Viserion,
Various dragons,
Various Dragons,
Acnologia,
Albion,
Alfred,
Chibisuke,
Cordelia,
Dragon,
The Dragon,
Dragon Man,
Ddraig,
Dragon of the Moon,
Dulcy,
Fafnir,
Fin Fang Foom,
Grandeeney,
The Great Red Dragon,
Igneel,
Lockheed,
Kozuki Momonosuke,
Llewellyn,
Long,
Metalicana,
Nid Hogg,
Porunga,
Pyralspite,
Rocky,
Sennenryu,
Shenron, (Shenlong)
Shou-Lao,
Skiadrum,
Tohru,
Weisslogia,
Wormy,
Bio Dragon,
Buraki,
Dagahra,
Desghidorah,
Draco,
"Drake, Griffin",
Drago,
Dragonstorm,
Fafnir,
Falkor,
Golden Dragon,
Grand King Ghidorah,
Keizer Ghidorah,
King Ghidorah,
Smaug,
Vermithrax Pejorative,
Unnamed, dragons
Unnamed, dragons
Aithusa,
Drogon,
Kilgharrah,
Mizunoeno Dragon,
Natsunomeryu,
Pufnstuf,
Pyre,
Scorch,
Tamba,
Devon & Cornwall,
Discord,
Dragon,
Elliott,
Goliath,
Haku,
Light Fury,
Maleficent,
Mushu,
Nazboo,
Predaking,
Spike,
Stormfly,
Summer,
Tabaluga,
Terezi's Lusus,
Tiamat,
Toothless,
Trogdor,
Whimsey Weatherbe,
Winger,
Alduin,
"Alexstrasza, The Life Binder",
Archdemons,
Aurene,
Bahamut,
Blotworx Dragon,
Cynder,
Darby,
"Deathwing, The Destroyer",
Dracolich,
Dragon Knight,
Draigoch,
Elvarg,
Ender Dragon,
Enywas,
Feyrbrand,
Flammie,
Grigori,
Grima,
Kalameet,
Kasimir Æthelinde,
"Malygos, The Spellweaver",
Minerva,
Naga,
Necrosan,
Nightshade,
"Nozdormu, The Timeless One",
Paarthurnax,
Ridley,
Seath the Scaleless,
Singe,
Spyro,
Synn,
"Tathamet, The Prime Evil",
Tiamat,
Trag'Oul,
Tweek the Dragon,
Ur Dragon,
Volvagia,
"Ysera, The Dreamer",
"EuropeanAjatarAmphiptereBalaurBisterne DragonBlue BenBollaChuvash 
dragonCockatriceCuélebreGargouilleGreek Dragon CychreidesDelphyneLernaean 
HydraLadonPyraustaPythonGuivreHerensugeKnuckerJaculusLa Guita XicaLambton 
WormLaidly Worm of Spindleston HeughWorm of LintonLindwormMarracoDragon of 
MordifordNorse dragon FafnirJörmungandrNíðhöggrOilliphéistPeludaSlavic 
dragonSockburn WormStoor wormSugaarTugarinWawel DragonWelsh DragonWhite 
dragonWyvernYelbeghenZilantZirnitraAsianApalalaBakunawaBašmuChinese dragon 
Ao GuangAzure 
DragonChiDilongFeilianFeilongFucanglongHongJiaolongPanlongPulaoQiulongShenlongTengTianlongYellow 
DragonYinglongZhulongDrukIlluyankaJapanese dragon 
KiyohimeKuraokamiKuzuryūMizuchiRyūjinToyotama-himeWaniWatatsumiYamata no 
OrochiZennyo RyūōKorean dragonKurLabbuLahamuLeviathanLotanPakhangbaPhaya 
NagaSeraphimTanin'iverTannin (monster)TiamatVietnamese 
dragonVishapVritraYamZahhakOtherAmaruFeathered SerpentGaasyendiethaHorned 
SerpentNyami NyamiOuroborosPeuchenPiasaQuetzalcoatlRahab (Egypt)Sea 
serpentSnallygasterTeju JaguaXiuhcoatl",
"AjatarAmphiptereBalaurBisterne DragonBlue BenBollaChuvash 
dragonCockatriceCuélebreGargouilleGreek Dragon CychreidesDelphyneLernaean 
HydraLadonPyraustaPythonGuivreHerensugeKnuckerJaculusLa Guita XicaLambton 
WormLaidly Worm of Spindleston HeughWorm of LintonLindwormMarracoDragon of 
MordifordNorse dragon FafnirJörmungandrNíðhöggrOilliphéistPeludaSlavic 
dragonSockburn WormStoor wormSugaarTugarinWawel DragonWelsh DragonWhite 
dragonWyvernYelbeghenZilantZirnitra",
"ApalalaBakunawaBašmuChinese dragon Ao GuangAzure 
DragonChiDilongFeilianFeilongFucanglongHongJiaolongPanlongPulaoQiulongShenlongTengTianlongYellow 
DragonYinglongZhulongDrukIlluyankaJapanese dragon 
KiyohimeKuraokamiKuzuryūMizuchiRyūjinToyotama-himeWaniWatatsumiYamata no 
OrochiZennyo RyūōKorean dragonKurLabbuLahamuLeviathanLotanPakhangbaPhaya 
NagaSeraphimTanin'iverTannin (monster)TiamatVietnamese 
dragonVishapVritraYamZahhak",
"AmaruFeathered SerpentGaasyendiethaHorned SerpentNyami 
NyamiOuroborosPeuchenPiasaQuetzalcoatlRahab (Egypt)Sea 
serpentSnallygasterTeju JaguaXiuhcoatl",
"Mythology and folkloreDraco (constellation)Dragon danceDragon boatDragon 
(zodiac)DragonslayersPrincess and dragon",
"Popular cultureFilm and televisionGames Dragons in Dungeons & 
DragonsLiterature Dragons in J.R.R.Tolkien Legendarium SmaugDragons in 
Dragon PrinceDragons in Pern",
"Nine Dragons paintingNine-Dragon WallDragon jarCádiz MemorialDragon and 
Tiger PagodasDragon boundary markDragon Bridge (Da Nang)Dragon Bridge 
(Ljubljana)Merritt Island DragonPegasus and Dragon",
Dragon's EyeHere be dragonsDragon curve,
Plants,
ArthropodsFishParasitesWorms,
Frogs and toads animation,
CrocodiliansDinosaursSnakesTurtles,
Birds of preyDucks AnimationPenguins,
"CaninesAnimationComicsLiteratureDogs Prose and poetryComicsLive-action 
filmLive-action televisionAnimationAnimated filmAnimated televisionVideo 
gamesWolvesFelinesAnimationComicsFilmLiteratureTelevisionBig cats 
AnimationRodentsAnimationComicsLiteratureVideo 
GamesPrimatesAnimationComicsFilmLiteratureTelevisionVideo 
gamesUngulatesAnimationHorsesLiteraturePachydermsPigsMiscellaneousBearsMarsupialsMustelids 
BadgersAnimationPinnipedsRabbits and haresRaccoonsRhinogradentia",
"AnimationComicsLiteratureDogs Prose and poetryComicsLive-action 
filmLive-action televisionAnimationAnimated filmAnimated televisionVideo 
gamesWolves",
AnimationComicsFilmLiteratureTelevisionBig cats Animation,
AnimationComicsLiteratureVideo Games,
AnimationComicsFilmLiteratureTelevisionVideo games,
AnimationHorsesLiteraturePachydermsPigs,
"BearsMarsupialsMustelids BadgersAnimationPinnipedsRabbits and 
haresRaccoonsRhinogradentia",
"GeneralAnimationComicsFilmLiteratureTelevisionVideo 
gamesSpecificAvianPiscine and AmphibianReptilian",
AnimationComicsFilmLiteratureTelevisionVideo games,
AvianPiscine and AmphibianReptilian,
"Alien speciesHumanoidsParasitesSymbiontsLegendaryBy typeDragons Popular 
cultureFilm and televisionGamesLiteratureMythology and folkloreEquines 
UnicornsWinged horsesWinged unicornsGhostsGiantsHybridsMermaidsVampires By 
regionDhampirsWerewolves FictionTheologicalFictional angelsFictional 
demonsFictional deities",
HumanoidsParasitesSymbionts,
"By typeDragons Popular cultureFilm and televisionGamesLiteratureMythology 
and folkloreEquines UnicornsWinged horsesWinged 
unicornsGhostsGiantsHybridsMermaidsVampires By regionDhampirsWerewolves 
Fiction",
Fictional angelsFictional demonsFictional deities,